{
  "surge": {
    "locate": [
      "/Applications/Surge.app/Contents/Library/LaunchServices/com.nssurge.surge-mac.helper"
    ],
    "arm": "FF C3 02 D1 FA 67 06 A9 F8 5F 07 A9 F6 57 08 A9 F4 4F 09 A9 FD 7B 0A A9 FD 83 02 91 F3 03 00 AA BF 83 1B F8 19 01 00 B0 20 ?? 43 F9 62 12 40 F9 ?? 46 00 94 A2 23 01 D1 01 00 80 52 ?? 3F 00 94 C0 00 00 F0 00 ?? ?? 91 E2 43 01 91 01 00 80 52 ?? ?? 00 94 A0 83 5B F8 E2 2B 40 F9 81 00 80 52 ?? ?? 00 94 F5 03 00 AA A0 83 5B F8 ?? ?? 00 94 E0 2B 40 F9 ?? ?? 00 94 C0 00 00 F0 00 ?? ?? 91 E2 43 01 91 01 00 80 52",
    "x86": "55 48 89 E5 41 57 41 56 41 55 41 54 53 48 83 EC 58 48 89 FB 4C 8D 7D C0 49 C7 07 00 00 00 00 48 8B 3D ?? ?? 01 00 48 8B 53 20 48 8B 35 ?? ?? 01 00 4C 8B 35 ?? ?? 01 00 41 FF D6 48 89 C7 31 F6 4C 89 FA E8 ?? ?? 01 00 48 8D 3D ?? ?? 01 00 4C 8D 65 C8 31 F6 4C 89 E2 E8 ?? ?? 01 00 49 8B 3F 49 8B 14 24 BE 04 00 00 00 E8 ?? ?? 01 00 89 45 BC 49 8B 3F E8 ?? ?? 01 00 49 8B 3C 24 E8 ?? ?? 01 00 48 8D 3D ?? ?? 01 00 31 F6 4C 89 E2 E8 ?? ?? 01 00",
    "out": "surge.sh",
    "replaceIntel": "{{==intel==}}",
    "replaceARM": "{{==arm64==}}"
  },
  "cmmx": {
    "locate": [
      "/Applications/CleanMyMac X.app/Contents/Library/LaunchServices/com.macpaw.CleanMyMac4.Agent"
    ],
    "arm": "FF 03 02 D1 F6 57 05 A9 F4 4F 06 A9 FD 7B 07 A9 FD C3 01 91 E0 03 02 AA 1F 20 03 D5 ?? ?? 18 58 08 01 40 F9 A8 83 1D F8 ?? 2A 00 94 F3 03 00 AA FF FF 02 A9 FF 13 00 F9 A0 00 00 B4 E8 03 00 91 E0 03 13 AA ?? ?? 00 94 03 00 00 14 00 E4 00 6F E0 03 00 AD 1F 20 03 D5 ?? ?? 26 58 E2 03 00 91 03 04 80 52 ?? ?? 00 94 FD 03 1D AA ?? 2A 00 94 F4 03 00 AA 1F 20 03 D5 ?? ?? 18 58 08 01 40 F9 E8 1F 00 F9 A0 03 1D F8 1F 20 03 D5 ?? ?? 26 58 A2 C3 00 D1 E3 E3 00 91 24 00 80 52 ?? 32 00 94 FD 03 1D AA",
    "x86": "55 48 89 E5 41 57 41 56 41 55 41 54 53 48 83 EC 58 48 89 D7 48 8B 05 ?? ?? 02 00 48 8B 00 48 89 45 D0 FF 15 ?? ?? 02 00 49 89 C6 31 C0 48 89 45 A8 48 89 45 B8 48 89 45 B0 4D 85 F6 74 15 48 8B 15 ?? ?? 04 00 48 8D 7D 80 4C 89 F6 E8 ?? ?? 00 00 EB 0B 0F 57 C0 0F 29 45 90 0F 29 45 80 48 8B 3D ?? ?? 04 00 48 8B 35 ?? ?? 04 00 48 8B 1D ?? ?? 02 00 48 8D 55 80 B9 20 00 00 00 FF D3 48 89 C7 E8 ?? ?? 00 00 49 89 C7 48 8B 05 ?? ?? 02 00 48 8B 00 48 8D 4D C0 48 89 01 48 8D 55 C8 4C 89 3A",
    "out": "cmm.sh",
    "replaceIntel": "{{==intel==}}",
    "replaceARM": "{{==arm64==}}",
    "fixPlist": true
  },
  "cmmxsetapp": {
    "locate": [
      "/Applications/CleanMyMac.app/Contents/Library/LaunchServices/com.macpaw.CleanMyMac-setapp.Agent",
      "/Applications/CleanMyMac.app/Contents/Library/LoginItems/CleanMyMac Menu.app/Contents/Library/LaunchServices/com.macpaw.CleanMyMac-setapp.Agent"
    ],
    "arm": "FF 03 02 D1 F6 57 05 A9 F4 4F 06 A9 FD 7B 07 A9 FD C3 01 91 E0 03 02 AA 1F 20 03 D5 E8 66 18 58 08 01 40 F9 A8 83 1D F8 63 2A 00 94 F3 03 00 AA FF FF 02 A9 FF 13 00 F9 A0 00 00 B4 E8 03 00 91 E0 03 13 AA A9 2F 00 94 03 00 00 14 00 E4 00 6F E0 03 00 AD 1F 20 03 D5 00 28 26 58 E2 03 00 91 03 04 80 52 C1 31 00 94 FD 03 1D AA 5B 2A 00 94 F4 03 00 AA 1F 20 03 D5 08 6B 18 58 08 01 40 F9 E8 1F 00 F9 A0 03 1D F8 1F 20 03 D5 60 25 26 58 A2 C3 00 D1 E3 E3 00 91 24 00 80 52 7B 32 00 94 FD 03 1D AA 4D 2A 00 94 F5 03 00 AA E3 A3 00 91 00 00 80 D2 E1 03 15 AA 02 00 80 52 36 29 00 94 16 00 80 52",
    "x86": "55 48 89 E5 41 57 41 56 41 55 41 54 53 48 83 EC 58 48 89 D7 48 8B 05 EA 52 02 00 48 8B 00 48 89 45 D0 FF 15 ED 53 02 00 49 89 C6 31 C0 48 89 45 A8 48 89 45 B8 48 89 45 B0 4D 85 F6 74 15 48 8B 15 D0 5A 04 00 48 8D 7D 80 4C 89 F6 E8 14 C0 00 00 EB 0B 0F 57 C0 0F 29 45 90 0F 29 45 80 48 8B 3D 88 79 04 00 48 8B 35 C9 5C 04 00 48 8B 1D 92 53 02 00 48 8D 55 80 B9 20 00 00 00 FF D3 48 89 C7 E8 F1 BF 00 00 49 89 C7 48 8B 05 55 53 02 00 48 8B 00 48 8D 4D C0 48 89 01 48 8D 55 C8 4C 89 3A 48 8B 3D 25 79 04 00 48 8B 35 56 5D 04 00 41 B8 01 00 00 00 FF D3 48 89 C7 E8 B8 BF 00 00 49 89 C5 45 31 E4 48 8D 4D B8 31 FF 48 89 C6 31 D2 E8 86 BD 00 00 85 C0 75 53",
    "out": "cmm.sh",
    "replaceIntel": "{{==intel==}}",
    "replaceARM": "{{==arm64==}}",
    "fixPlist": true
  },
  "proxyman": {
    "locate": [
      "/Applications/Proxyman.app/Contents/Library/LaunchServices/com.proxyman.NSProxy.HelperTool"
    ],
    "arm": "FF 83 04 D1 FC 6F 0D A9 F8 5F 0E A9 F6 57 0F A9 F4 4F 10 A9 FD 7B 11 A9 FD 43 04 91 F3 03 03 AA F5 03 00 AA 28 00 00 D0 08 0D 40 F9 08 01 40 F9 A8 83 1B F8 E0 03 02 AA ?? 0A 00 94 F4 03 00 AA E0 03 13 AA ?? 0A 00 94 F3 03 00 AA 00 E4 00 6F E0 03 00 AD E0 03 01 AD E0 03 14 AA ?? 0A 00 94 F4 03 00 AA E2 03 00 91 E3 23 01 91 04 02 80 52 ?? 0B 00 94 60 03 00 B4 F6 03 00 AA E8 0B 40 F9 17 01 40 F9 18 00 80 D2 E8 0B 40 F9 08 01 40 F9 1F 01 17 EB 60 00 00 54 E0 03 14 AA ?? 0A 00 94 E8 07 40 F9 02 79 78 F8",
    "x86": "55 48 89 E5 41 57 41 56 41 55 41 54 53 48 81 EC D8 00 00 00 48 89 CB 49 89 FF 48 8B 05 ?? 53 00 00 48 8B 00 48 89 45 D0 4C 8B 2D ?? 54 00 00 48 89 D7 41 FF D5 49 89 C6 48 89 DF 41 FF D5 48 89 85 40 FF FF FF 0F 57 C0 4C 8D A5 00 FF FF FF 41 0F 29 04 24 41 0F 29 44 24 10 41 0F 29 44 24 20 41 0F 29 44 24 30 4C 89 F7 41 FF D5 48 8B 35 ?? A0 00 00 48 8D 8D 50 FF FF FF 41 B8 10 00 00 00 48 89 85 48 FF FF FF 48 89 C7 4C 89 E2 FF 15 ?? 53 00 00 48 85 C0 0F 84 8C 00 00 00",
    "out": "proxyman.sh",
    "replaceIntel": "{{==intel==}}",
    "replaceARM": "{{==arm64==}}",
    "fixPlist": true
  },
  "sensei": {
    "locate": [
      "/Applications/Sensei.app/Contents/Library/LaunchServices/org.cindori.SenseiHelper"
    ],
    "out": "sensei.sh",
    "fixPlist": true
  },
  "batteries": {
    "locate": [
      "/Applications/Setapp/Batteries.app/Contents/Library/LoginItems/io.fadel.Batteries-setapp.Helper.app/Contents/MacOS/io.fadel.Batteries-setapp.Helper"
    ],
    "arm": "F8 5F BC A9 F6 57 01 A9 F4 4F 02 A9 FD 7B 03 A9 FD C3 00 91 F3 03 03 AA F4 03 02 AA F5 03 00 AA 96 74 02 94 F6 03 00 AA E0 03 14 AA 93 74 02 94 F7 03 00 AA E0 03 13 AA 90 74 02 94 F8 03 00 AA E0 03 13 AA F4 03 15 AA 03 13 00 94 F3 03 00 AA E0 03 17 AA 86 74 02 94 E0 03 18 AA 84 74 02 94 E0 03 16 AA 82 74 02 94 60 02 00 12 FD 7B 43 A9 F4 4F 42 A9 F6 57 41 A9 F8 5F C4 A8 C0 03 5F D6 F6 57 BD A9 F4 4F 01 A9 FD 7B 02 A9 FD 83 00 91 F3 03 00 AA E0 03 02 AA 50 72 02 94 F5 03 00 AA 21 09 00 B0 21 00 28 91 02 09 00 90 42 C0 13 91 00 00 80 D2 BA 16 00 94 F4 03 00 AA E0 03 13 AA 6E 74 02 94 F3 03 00 AA 20 00 80 52 C9 70 02 94 F4 03 00 AA A8 0A 40 F9 E0 03 15 AA E1 03 14 AA 02 00 80 D2 00 01 3F D6 E0 03 14 AA 60 74 02 94 E0 03 15 AA",
    "x86": "55 48 89 E5 41 57 41 56 41 55 41 54 53 50 48 89 CB 49 89 D6 49 89 FD 4C 8B 25 2A A7 0F 00 41 FF D4 49 89 C7 4C 89 F7 41 FF D4 49 89 C6 48 89 DF 41 FF D4 49 89 C4 48 89 DF E8 82 54 00 00 41 89 C5 48 8B 1D F8 A6 0F 00 4C 89 F7 FF D3 4C 89 E7 FF D3 4C 89 FF FF D3 41 0F B6 C5 83 E0 01 48 83 C4 08 5B 41 5C 41 5D 41 5E 41 5F 5D C3 0F 1F 00 55 48 89 E5 41 57 41 56 41 55 41 54 53 50 49 89 FE 48 89 D7 E8 8F 3C 0A 00 49 89 C7 48 8D 35 F5 1D 13 00 48 8D 15 86 AB 12 00 31 FF E8 CF 64 00 00 49 89 C5 4C 89 F7 FF 15 9B A6 0F 00 49 89 C6 BF 01 00 00 00 E8 64 39 0A 00 48 89 C3 4C 89 FF 48 89 C6 31 D2 41 FF 57 10 4C 8B 25 70 A6 0F 00 48 89 DF 41 FF D4 4C 89 FF E8 4C 3C 0A 00 4C 89 F7 4C 89 E0 48 83 C4 08 5B 41 5C 41 5D 41 5E 41 5F 5D FF E0 66 2E 0F 1F 84 00 00 00",
    "replaceIntel": "{{==intel==}}",
    "replaceARM": "{{==arm64==}}",
    "out": "batteries.sh",
    "fixPlist": true
  }
}